"Timestamp","Username","Enter your roll number ","Enter your name","Batch","What's your English teacher's name?","EEE batch number","Anything you think that should be added?"
"2020/10/30 3:46:30 PM GMT+5:30","sharain.kapoor2020@vitstudent.ac.in","20BDS0051","Sharain Kapoor","Batch - 1","Other","",""
"2020/10/30 3:47:02 PM GMT+5:30","venkatamounish.reddyb2020@vitstudent.ac.in","20BDS0149","B. Venkata Mounish Reddy","Batch - 1","Mr. Karthikeyan","",""
"2020/10/30 3:47:39 PM GMT+5:30","bentenison1098@gmail.com","20BDS0033","TEJAS ROKADE","Batch - 1","Other","",""
"2020/10/30 3:48:11 PM GMT+5:30","stuti.2020@vitstudent.ac.in","20BDS0170","Stuti","Batch - 1","Mr. Senthil Babu","",""
"2020/10/30 3:48:12 PM GMT+5:30","venkata.sainithin2020@vitstudent.ac.in","20BDS0253","G.VENKATA SAI NITHIN","Batch - 2","Mr. Saravanan","",""
"2020/10/30 3:50:55 PM GMT+5:30","hrithikram.j2020@vitstudent.ac.in","20BDS0226","Hrithik Ram J","Batch - 2","Other","","Mr. Prajeesh Tomy "
"2020/10/30 3:51:09 PM GMT+5:30","zain.sharief2020@vitstudent.ac.in","20BDS0163","Zain Sharief","Batch - 1","Mr. Senthil Babu","",""
"2020/10/30 3:51:49 PM GMT+5:30","mahera.furniturewala2020@vitstudent.ac.in","20BDS0023","Mahera Furniturewala","Batch - 1","Other","",""
"2020/10/30 3:58:23 PM GMT+5:30","harshu.adm@gmail.com","20BDS0190","Harsh Avinash","Batch - 1","Mr. Senthil Babu","","Get a better leader"
"2020/10/30 4:04:07 PM GMT+5:30","kevin.joseph2020@vitstudent.ac.in","20BDS0123","Kevin","Batch - 1","Mr. Karthikeyan","","Nope"
"2020/10/30 4:05:35 PM GMT+5:30","athish.m2020@vitstudent.ac.in","20BDS0139","Athish.M","Batch - 1","Mr. Karthikeyan","",""
"2020/10/30 4:08:24 PM GMT+5:30","why_are_youdoingthis@gmail.com","20BDS0000","Emma Watson","Batch - 1","I'm ATC Shakespeare is my uncle","","You are allowed to collect our data only if u are Google/Facebook"
"2020/10/30 4:10:05 PM GMT+5:30","balodiaprachi@gmail.com","20BDS0177","Prachi Balodia","Batch - 1","Mr. Senthil Babu","","No"
"2020/10/30 4:16:23 PM GMT+5:30","gopireddy.bhargava2020@vitstudent.ac.in","20BDS0160","G.Bhargava Reddy","Batch - 1","Mr. Senthil Babu","",""
"2020/10/30 4:23:06 PM GMT+5:30","goutham.sen@gmail.com","20BDS0330","Goutham Senthil Kumar","Batch - 2","Other","",""
"2020/10/30 4:24:44 PM GMT+5:30","gxutxm@gmail.com","20BDS0218","Gautam","Batch - 2","Other","",""
"2020/10/30 4:48:52 PM GMT+5:30","nishita.varshney2020@vitstudent.ac.in","20BDS0135","Nishita varshney","Batch - 1","Mr. Karthikeyan","","Na:)"
"2020/10/30 5:00:08 PM GMT+5:30","sahil.garg2020@vitstudent.ac.in","20BDS0174","Sahil Garg","Batch - 1","Mr. Senthil Babu","",""
"2020/10/30 5:05:20 PM GMT+5:30","srijansingh.somvanshi2020@vitstudent.ac.in","20BDS0381 ","SRIJAN SINGH SOMVANSHI ","Batch - 2","Other","",""
"2020/10/30 5:05:35 PM GMT+5:30","anishr890@gmail.com","20BDS0154","Anish Raghavendra","Batch - 1","Mr. Karthikeyan","","I want the purpose of this form to be added to the form "
"2020/10/30 5:12:02 PM GMT+5:30","arjun.r.nair2002@gmail.com","20BDS0137","Arjun Rajesh Nair","Batch - 1","Mr. Karthikeyan","",""
"2020/10/30 7:15:33 PM GMT+5:30","selvapriyanka.v2020@vitstudent.ac.in","20BDS0158","V.SelvaPriyanka","Batch - 1","Mr. Karthikeyan","",""
"2020/10/30 7:22:27 PM GMT+5:30","taran.sivaa2020@vitstudent.ac.in","20BDS0227","Taran Sivaa","Batch - 2","Other","",""
"2020/10/31 10:55:02 AM GMT+5:30","anishasingh.oberoi2020@vitstudent.ac.in","20BDS0012","Anisha Singh Oberoi","Batch - 1","Other","",""
"2020/10/31 12:43:32 PM GMT+5:30","dhruv.singhal1602@gmail.com","20BDS0296","Dhruv Singhal","Batch - 2","Other","",""
"2020/10/31 5:53:37 PM GMT+5:30","josephtjohn2002@gmail.com","20BDS0140","Joseph T John","Batch - 1","I'm ATC Shakespeare is my uncle","",""
"2020/10/31 7:11:46 PM GMT+5:30","aditya.ranjan2020@vitstudent.ac.in","20BDS0206 ","Aditya Ranjan","Batch - 2","Mr. Prajeesh Tomy","",""
"2020/10/31 9:37:41 PM GMT+5:30","nikitasudhir.singh2020@vitstudent.ac.in","20BDS0141","Nikita Singh","Batch - 1","Mr. Karthikeyan","",""
"2020/11/01 2:53:54 PM GMT+5:30","syedrayan.alamnasser2020@vitstudent.ac.in","20BDS0238","Syed Rayan Alam Nasser","Batch - 2","Mr. Prajeesh Tomy","",""
"2020/11/04 3:00:35 PM GMT+5:30","sankalp.mukim2020@vitstudent.ac.in","20BDS0128","Sankalp Mukim","Batch - 1","Mr. Karthikeyan","","EEE LAB which batch should be added"